"source","target","periodical.id","periodical.name","periodical.name.transliterated","date.onset","edge.id","edge.type"
"viaf:39370998","wiki:Q12234292","oclc:472450345","لغة العرب","Lughat al-ʿArab","1911-06-30","","editor"
"viaf:305214858","oape:1142","oclc:1034545644","الزهور","al-Zuhūr","1910-03-01","","editor"
"oape:4189","oape:3716","oape:532","الزهور","الزهور","NA","","editor"
"viaf:62958224","wiki:Q12230077","oclc:931941685","المقتطف","al-Muqtaṭaf","1876-06-01","","editor"
"viaf:62958224","viaf:38237868","oclc:931941685","المقتطف","al-Muqtaṭaf","1876-06-01","","editor"
"wiki:Q12230077","viaf:38237868","oclc:931941685","المقتطف","al-Muqtaṭaf","1876-06-01","","editor"
"viaf:62958224","wiki:Q12230077","oclc:931941685","المقتطف","المقتطف","1884","","editor"
"viaf:62958224","viaf:38237868","oclc:931941685","المقتطف","المقتطف","1884","","editor"
"wiki:Q12230077","viaf:38237868","oclc:931941685","المقتطف","المقتطف","1884","","editor"
"viaf:77068906","oape:2810","oclc:473817521","المشرق","al-Mashriq","1898-01-01","","editor"
"viaf:2749071","oape:4198","oclc:1034547407","الجامعة","al-Jāmiʿ","1899-03-15","","editor"
"viaf:160786315","viaf:32272677","oclc:792756309","القبس","al-Qabas","1913-09-30","","editor"
"viaf:32272677","oape:877","oclc:70845599","المقتبس","al-Muqtabas","1910-04-26","","editor"
"viaf:32272677","oape:877","oclc:70845599","المقتبس","al-Muqtabas","1914-02-01","","editor"
"viaf:64154472","viaf:57953733","oclc:792754974","البيان","al-Bayān","1897-03-01","","editor"
"oape:3749","oape:4169","oape:534","البيان","al-Bayān","1910","","editor"
"viaf:305214837","oape:4144","oclc:42900564","الاتحاد العثماني","al-Ittiḥād al-ʿUthmānī","1908-09-22","","editor"
"viaf:79119650","viaf:21245607","oclc:987291181","الجنان","al-Jinān","1870-01-01","","editor"
"viaf:311789538","viaf:311789537","oape:38","الحقوق","al-Ḥuqūq","1910-02-18","","editor"
"viaf:311789538","oape:4183","oape:38","الحقوق","al-Ḥuqūq","1910-02-18","","editor"
"viaf:311789537","oape:4183","oape:38","الحقوق","al-Ḥuqūq","1910-02-18","","editor"
"oape:4115","oape:4181","oape:536","الحقوق","al-Ḥuqūq","1912-01-18","","editor"
"oape:4152","viaf:311789757","oclc:1034550756","الحقيقة","al-Ḥaqīqa","1909","","editor"
"viaf:21058435","viaf:21058435","oape:531","الحياة","al-Ḥayāt","1912-02-01","","editor"
"viaf:21058435","oape:647","oape:531","الحياة","al-Ḥayāt","1912-02-01","","editor"
"viaf:21058435","oape:647","oape:531","الحياة","al-Ḥayāt","1912-02-01","","editor"
"viaf:64154472","viaf:57953733","oclc:173830042","الطبيب","al-Ṭabīb","1874","","editor"
"viaf:64154472","oape:4196","oclc:173830042","الطبيب","al-Ṭabīb","1874","","editor"
"viaf:57953733","oape:4196","oclc:173830042","الطبيب","al-Ṭabīb","1874","","editor"
"oape:125","oape:4136","oape:44","العرب","al-ʿArab","NA","","editor"
"viaf:305214784","viaf:305214884","oape:45","العصر الجديد","al-ʿAṣr al-Jadīd","1909-10-05","","editor"
"viaf:305214784","viaf:46611500","oape:45","العصر الجديد","al-ʿAṣr al-Jadīd","1909-10-05","","editor"
"viaf:305214784","oape:4114","oape:45","العصر الجديد","al-ʿAṣr al-Jadīd","1909-10-05","","editor"
"viaf:305214884","viaf:46611500","oape:45","العصر الجديد","al-ʿAṣr al-Jadīd","1909-10-05","","editor"
"viaf:305214884","oape:4114","oape:45","العصر الجديد","al-ʿAṣr al-Jadīd","1909-10-05","","editor"
"viaf:46611500","oape:4114","oape:45","العصر الجديد","al-ʿAṣr al-Jadīd","1909-10-05","","editor"
"viaf:305214783","oape:4190","oape:47","الكلية","al-Kulliyya","1910-02-01","","editor"
"oape:3707","oape:4199","oclc:792755902","المؤيد","al-Muʾayyad","1889-12-01","","editor"
"oape:3707","oape:4108","oclc:792755902","المؤيد","al-Muʾayyad","1889-12-01","","editor"
"oape:3707","oape:4129","oclc:792755902","المؤيد","al-Muʾayyad","1889-12-01","","editor"
"oape:3707","oape:2958","oclc:792755902","المؤيد","al-Muʾayyad","1889-12-01","","editor"
"oape:3707","oape:3926","oclc:792755902","المؤيد","al-Muʾayyad","1889-12-01","","editor"
"oape:3707","oape:4179","oclc:792755902","المؤيد","al-Muʾayyad","1889-12-01","","editor"
"oape:3707","viaf:32272677","oclc:792755902","المؤيد","al-Muʾayyad","1889-12-01","","editor"
"oape:4199","oape:4108","oclc:792755902","المؤيد","al-Muʾayyad","1889-12-01","","editor"
"oape:4199","oape:4129","oclc:792755902","المؤيد","al-Muʾayyad","1889-12-01","","editor"
"oape:4199","oape:2958","oclc:792755902","المؤيد","al-Muʾayyad","1889-12-01","","editor"
"oape:4199","oape:3926","oclc:792755902","المؤيد","al-Muʾayyad","1889-12-01","","editor"
"oape:4199","oape:4179","oclc:792755902","المؤيد","al-Muʾayyad","1889-12-01","","editor"
"oape:4199","viaf:32272677","oclc:792755902","المؤيد","al-Muʾayyad","1889-12-01","","editor"
"oape:4108","oape:4129","oclc:792755902","المؤيد","al-Muʾayyad","1889-12-01","","editor"
"oape:4108","oape:2958","oclc:792755902","المؤيد","al-Muʾayyad","1889-12-01","","editor"
"oape:4108","oape:3926","oclc:792755902","المؤيد","al-Muʾayyad","1889-12-01","","editor"
"oape:4108","oape:4179","oclc:792755902","المؤيد","al-Muʾayyad","1889-12-01","","editor"
"oape:4108","viaf:32272677","oclc:792755902","المؤيد","al-Muʾayyad","1889-12-01","","editor"
"oape:4129","oape:2958","oclc:792755902","المؤيد","al-Muʾayyad","1889-12-01","","editor"
"oape:4129","oape:3926","oclc:792755902","المؤيد","al-Muʾayyad","1889-12-01","","editor"
"oape:4129","oape:4179","oclc:792755902","المؤيد","al-Muʾayyad","1889-12-01","","editor"
"oape:4129","viaf:32272677","oclc:792755902","المؤيد","al-Muʾayyad","1889-12-01","","editor"
"oape:2958","oape:3926","oclc:792755902","المؤيد","al-Muʾayyad","1889-12-01","","editor"
"oape:2958","oape:4179","oclc:792755902","المؤيد","al-Muʾayyad","1889-12-01","","editor"
"oape:2958","viaf:32272677","oclc:792755902","المؤيد","al-Muʾayyad","1889-12-01","","editor"
"oape:3926","oape:4179","oclc:792755902","المؤيد","al-Muʾayyad","1889-12-01","","editor"
"oape:3926","viaf:32272677","oclc:792755902","المؤيد","al-Muʾayyad","1889-12-01","","editor"
"oape:4179","viaf:32272677","oclc:792755902","المؤيد","al-Muʾayyad","1889-12-01","","editor"
"viaf:37216757","oape:606","oclc:1034548778","المفيد","al-Mufīd","1909","","editor"
"viaf:37216757","oape:4162","oclc:1034548778","المفيد","al-Mufīd","1909","","editor"
"viaf:37216757","oape:4095","oclc:1034548778","المفيد","al-Mufīd","1909","","editor"
"oape:606","oape:4162","oclc:1034548778","المفيد","al-Mufīd","1909","","editor"
"oape:606","oape:4095","oclc:1034548778","المفيد","al-Mufīd","1909","","editor"
"oape:4162","oape:4095","oclc:1034548778","المفيد","al-Mufīd","1909","","editor"
"viaf:60135237","viaf:123147905332979092816","oape:48","الوطن","al-Waṭan","1908","","editor"
"viaf:60135237","viaf:57546984","oape:48","الوطن","al-Waṭan","1908","","editor"
"viaf:60135237","oape:4122","oape:48","الوطن","al-Waṭan","1908","","editor"
"viaf:123147905332979092816","viaf:57546984","oape:48","الوطن","al-Waṭan","1908","","editor"
"viaf:123147905332979092816","oape:4122","oape:48","الوطن","al-Waṭan","1908","","editor"
"viaf:57546984","oape:4122","oape:48","الوطن","al-Waṭan","1908","","editor"
"oape:4182","oape:4103","oape:61","الوطن","al-Waṭan","1877","","editor"
"oape:4182","oape:4133","oape:61","الوطن","al-Waṭan","1877","","editor"
"oape:4103","oape:4133","oape:61","الوطن","al-Waṭan","1877","","editor"
"viaf:305214729","oape:4093","oclc:508226561","الأهرام","al-Ahrām","1876-08-05","","editor"
"viaf:305214729","oape:4187","oclc:508226561","الأهرام","al-Ahrām","1876-08-05","","editor"
"viaf:305214729","oape:4141","oclc:508226561","الأهرام","al-Ahrām","1876-08-05","","editor"
"viaf:305214729","oape:4186","oclc:508226561","الأهرام","al-Ahrām","1876-08-05","","editor"
"oape:4093","oape:4187","oclc:508226561","الأهرام","al-Ahrām","1876-08-05","","editor"
"oape:4093","oape:4141","oclc:508226561","الأهرام","al-Ahrām","1876-08-05","","editor"
"oape:4093","oape:4186","oclc:508226561","الأهرام","al-Ahrām","1876-08-05","","editor"
"oape:4187","oape:4141","oclc:508226561","الأهرام","al-Ahrām","1876-08-05","","editor"
"oape:4187","oape:4186","oclc:508226561","الأهرام","al-Ahrām","1876-08-05","","editor"
"oape:4141","oape:4186","oclc:508226561","الأهرام","al-Ahrām","1876-08-05","","editor"
"oape:4093","oape:1673","oclc:508226561","الأهرام","al-Ahrām","1898","","editor"
"oape:4093","viaf:67568293","oclc:508226561","الأهرام","al-Ahrām","1898","","editor"
"oape:4093","oape:1673","oclc:508226561","الأهرام","al-Ahrām","1898","","editor"
"oape:4093","viaf:102460074","oclc:508226561","الأهرام","al-Ahrām","1898","","editor"
"oape:1673","viaf:67568293","oclc:508226561","الأهرام","al-Ahrām","1898","","editor"
"oape:1673","oape:1673","oclc:508226561","الأهرام","al-Ahrām","1898","","editor"
"oape:1673","viaf:102460074","oclc:508226561","الأهرام","al-Ahrām","1898","","editor"
"viaf:67568293","oape:1673","oclc:508226561","الأهرام","al-Ahrām","1898","","editor"
"viaf:67568293","viaf:102460074","oclc:508226561","الأهرام","al-Ahrām","1898","","editor"
"oape:1673","viaf:102460074","oclc:508226561","الأهرام","al-Ahrām","1898","","editor"
"viaf:88341780","viaf:305214837","oclc:792755216","ثمرات الفنون","Thamarāt al-Funūn","1875-04-20","","editor"
"oape:4164","viaf:57546984","oape:516","لسان الاتحاد","Lisān al-Ittiḥād","1909-02-08","","editor"
"oape:4160","viaf:8827545","oape:518","الصفاء","Al-Ṣafāʾ","1886-01-01","","editor"
"oape:504","oape:724","oape:519","المهذب","المهذب","NA","","editor"
"oape:4121","oape:4116","oape:522","الرابطة","الرابطة","1911-01-01","","editor"
"oape:4146","oape:4106","oape:537","تفكر","Tafakkur","1911-02-21","","editor"
"viaf:19529356","oape:4155","oape:551","مجلة المنتدى الأدبي","مجلة المنتدى الأدبي","NA","","editor"
"viaf:120147905265279092498","oape:4163","oape:555","الجديد","الجديد","NA","","editor"
"oape:4185","viaf:117147905211779091522","oape:556","البيرق","البيرق","NA","","editor"
"oape:4871","oape:5893","oape:584","L'Aigle de Paris (Birgys)","L'Aigle de Paris (Birgys)","1860-08-01","","editor"
"oape:5269","oape:4682","oape:3130","ابو النواس","Abū al-Nuwwās","1928-08-13","","editor"
"oape:6023","viaf:270654623","oape:1473","ابو الهول","Abū al-Hawl","1906-05-01","","editor"
"Najīb al-Ḥājj","oape:5768","oape:881","ابو الهول","Abu'l-Hawl","1893-07-15","","editor"
"oape:5883","oape:6602","oape:2984","ابو دلامة","Abū Dalāma","1927-01-04","","editor"
"oape:5631","oape:5310","oape:2032","ابو فراس","Abū Firās","1913-07-24","","editor"
"Shukrī","Farīd","oape:1038","ابو نظارة معظمة","Abū Naẓẓāra Muʿaẓẓama","1897-07-16","","editor"
"oape:6149","oape:5003","oape:1125","ابو نواس","Abū Nuwās","1898-12-25","","editor"
"oape:6641","oape:5824","oape:1880","افكار عمومية","Afkār ʿUmūmiyya","1911-04-18","","editor"
"oape:4138","oape:4144","oape:79","الأحوال","الأحوال","NA","","editor"
"oape:4138","oape:4147","oape:79","الأحوال","الأحوال","NA","","editor"
"oape:4144","oape:4147","oape:79","الأحوال","الأحوال","NA","","editor"
"oape:1673","oape:4105","oape:80","الأخبار","الأخبار","1898-07-29","","editor"
"oape:1673","oape:4097","oape:80","الأخبار","الأخبار","1898-07-29","","editor"
"oape:4105","oape:4097","oape:80","الأخبار","الأخبار","1898-07-29","","editor"
"oape:4126","oape:4130","oape:91","الإخاء","الإخاء","1910-09-20","","editor"
"viaf:305214837","viaf:8827545","oape:95","الإصلاح","الإصلاح","1913-05-10","","editor"
"viaf:305214837","oape:4144","oape:95","الإصلاح","الإصلاح","1913-05-10","","editor"
"viaf:8827545","oape:4144","oape:95","الإصلاح","الإصلاح","1913-05-10","","editor"
"viaf:22151654727108281690","viaf:4812503","oclc:1086411815","الإقبال","al-Iqbāl","1902-04-09","","editor"
"oape:5868","Najīb Gharghūr","oape:905","الابتسام","Al-Ibtisām","1894-02-18","","editor"
"oape:5868","oape:5684","oape:698","الاتحاد المصري","Al-Ittiḥād al-Miṣrī","1881-01-02","","editor"
"oape:5980","oape:6536","oape:1806","الاتفاق","Al-Ittifāq","1910-08-16","","editor"
"oape:6014","oape:5373","oape:1032","الاجيال","Al-Ajyāl","1897-06-19","","editor"
"oape:5346","ʿAbd al-Qādir al-Sayyid","oape:2757","الاجيال","Al-Ajyāl","1925","","editor"
"oape:4478","ʿAbd al-Qādir al-Sayyid","oape:3161","الاجيال","Al-Ajyāl","1929-01-05","","editor"
"oape:6487","oape:4352","oape:2862","الاحقاق","Al-Aḥqāf","1925-11-21","","editor"
"Salīm Taqlā","Bishāra Taqlā","oape:718","الاحوال","Al-Aḥwāl","1882-06-09","","editor"
"oape:6573","Muḥammad Ṭāhir","oape:1791","الاحوال","Al-Aḥwāl","1910-07-01","","editor"
"oape:6573","oape:5363","oape:1792","الاحوال","Al-Aḥwāl","1910-07-01","","editor"
"Jibrān Massawaḥ","Jamīl Massawaḥ","oape:1772","الاخاء","Al-Ikhāʾ","1910-04-02","","editor"
"Yūsuf al-Khāzin","oape:6392","oape:985","الاخبار","Al-Akhbār","1896-07-29","","editor"
"oape:5180","Faraj","oape:2364","الاخبار الماسونية","Al-Akhbār al-Māsūniyya","1921-01-01","","editor"
"oape:5180","oape:4737","oape:2364","الاخبار الماسونية","Al-Akhbār al-Māsūniyya","1921-01-01","","editor"
"Faraj","oape:4737","oape:2364","الاخبار الماسونية","Al-Akhbār al-Māsūniyya","1921-01-01","","editor"
"oape:5123","oape:5111","oape:2257","الاخلاص","Al-Ikhlāṣ","1919-09-01","","editor"
"viaf:46611500","oape:6566","oape:752","الاخلاق","Mirʾāt al-Akhlāq","1886","","editor"
"viaf:305411080","oape:5228","oape:1939","الادارة","Al-Idāra","1912-01-11","","editor"
"oape:5219","oape:5141","oape:2059","الارتقاء السوري","Al-Irtiqāʾ al-Sūrī","1914","","editor"
"oape:4758","oape:5203","oape:2584","الاردن","Al-Urdun","1923-10-08","","editor"
"Shaykh Fīlīb al-Khāzin","Farīd al-Khāzin","oape:951","الارز","Al-Arz","1895-10-15","","editor"
"oape:6576","oape:4949","oape:804","الازهر","Al-Azhar","1889-08-01","","editor"
"oape:6425","oape:6312","oape:1568","الاستاذ","Al-Ustādh","1908-02-02","","editor"
"oape:4921","oape:5637","oape:1480","الاستانة","Al-Asitāna","1906-07-01","","editor"
"oape:5894","oape:5290","oape:2195","الاستقلال العربي","Al-Istiqlāl al-ʿArabī","1918-10-14","","editor"
"oape:5601","oape:6666","oape:1977","الاسلام","Al-Islām","1912-08-02","","editor"
"oape:6174","viaf:49218655","oape:1016","الاصر","Mirʾāt al-Aṣr","1897-01-01","","editor"
"oape:6224","oape:5685","oape:1330","الاصلاح","Al-Iṣlāḥ","1903-04-13","","editor"
"oape:5979","oape:5771","oape:2378","الاصلاح","Al-Iṣlāḥ","1921-01-29","","editor"
"oape:6175","oape:5734","oape:2510","الاصلاح","Al-Iṣlāḥ","1922-12-11","","editor"
"oape:5202","oape:6023","oape:1102","الاصمعي","Al-Aṣmaʿī","1898-05-12","","editor"
"viaf:15578201","Wajīh al-Kīlānī","oape:1959","الاصمعي","Al-Aṣmaʿī","1912-03-18","","editor"
"oape:6276","oape:6461","oape:3206","الاعتصام","Al-Iʿtiṣām","1929-06-09","","editor"
"oape:6203","oape:4906","oape:1325","الاقبال","Al-Iqbāl","1903-04-01","","editor"
"oape:6560","oape:5749","oape:1573","الاقدام","Al-Iqdām","1908-03-20","","editor"
"oape:5957","oape:6686","oape:2920","الاقدام","Al-Iqdām","1926-08-01","","editor"
"oape:5957","oape:5174","oape:2920","الاقدام","Al-Iqdām","1926-08-01","","editor"
"oape:6686","oape:5174","oape:2920","الاقدام","Al-Iqdām","1926-08-01","","editor"
"oape:4658","oape:5437","oape:984","الاقلام","Al-Aqlām","1896-06-23","","editor"
"oape:5176","oape:5301","oape:1478","الاقلام","Al-Aqlām","1906-06-01","","editor"
"oape:6085","oape:4690","oape:2307","الامة","Al-Umma","1920-02-28","","editor"
"oape:6522","oape:5262","oape:1685","الانقلاب","Al-Inqilāb","1909-03-21","","editor"
"oape:6410","oape:5182","oape:2225","الانقلاب","Al-Inqilāb","1919-02-20","","editor"
"oape:6534","oape:4589","oape:2145","الانيس","Al-Anīs","1916-09-01","","editor"
"oape:5686","oape:6512","oape:1785","الاهالي","Al-Ahālī","1910-05-12","","editor"
"oape:5904","oape:5988","oape:3066","الاوتوموبيل","Al-Ūtūmūbīl","1928","","editor"
"oape:4890","oape:6687","oape:1703","الايام","Al-Ayyām","1909-05-27","","editor"
"oape:4876","oape:6210","oape:3036","الباستيل الجديد","Al-Bāstīl al-Jadīd","1927-09-10","","editor"
"oape:4480","oape:6394","oape:1224","البحبحة","Al-Baḥbaḥa","1900-06-06","","editor"
"oape:5929","oape:4594","oape:974","البرازل","Al-Barāzil","1896-04-02","","editor"
"Maḥmūd Wāṣif","Muḥammad Shukrī","oape:938","البريد","Al-Barīd","1895-04-29","","editor"
"oape:5708","oape:6054","oape:1540","البستان","Al-Bustān","1908","","editor"
"oape:6075","oape:5714","oape:2012","البستان","Al-Bustān","1913-02-23","","editor"
"oape:5287","oape:5064","oape:781","البستان","Al-Bustān","1888-06-06","","editor"
"oape:5715","oape:6055","oape:1559","البستان الزاهر","Al-Bustān al-Zāhir","1908-01-01","","editor"
"viaf:305214858","الاباء اليسوعيون","oclc:472081984","البشير","البشير","1870-09-03","","editor"
"viaf:305214858","viaf:22683375","oclc:472081984","البشير","البشير","1870-09-03","","editor"
"viaf:305214858","oape:4195","oclc:472081984","البشير","البشير","1870-09-03","","editor"
"viaf:305214858","oape:4099","oclc:472081984","البشير","البشير","1870-09-03","","editor"
"الاباء اليسوعيون","viaf:22683375","oclc:472081984","البشير","البشير","1870-09-03","","editor"
"الاباء اليسوعيون","oape:4195","oclc:472081984","البشير","البشير","1870-09-03","","editor"
"الاباء اليسوعيون","oape:4099","oclc:472081984","البشير","البشير","1870-09-03","","editor"
"viaf:22683375","oape:4195","oclc:472081984","البشير","البشير","1870-09-03","","editor"
"viaf:22683375","oape:4099","oclc:472081984","البشير","البشير","1870-09-03","","editor"
"oape:4195","oape:4099","oclc:472081984","البشير","البشير","1870-09-03","","editor"
"oape:4700","oape:5609","oape:1803","البصرة الفيحاء","Al-Baṣra al-Fayḥāʾ","1910-08-10","","editor"
"Rashīd Shumayyil","oape:5912","oape:1044","البصير","Al-Baṣīr","1897-09-01","","editor"
"oape:6139","Khalīl Ghānim","oape:703","البصير","Al-Baṣīr","1881-04-21","","editor"
"oape:6139","oape:5055","oape:703","البصير","Al-Baṣīr","1881-04-21","","editor"
"Khalīl Ghānim","oape:5055","oape:703","البصير","Al-Baṣīr","1881-04-21","","editor"
"oape:5760","oape:4833","oape:873","البصيرة","Al-Baṣīra","1893-03-01","","editor"
"oape:5227","oape:5970","oape:2753","البغبغان","Al-Baghbaghān","1924-12-21","","editor"
"Muḥammad al-Bāqir","oape:5799","oape:1892","البلاغ","Al-Balāgh","1911-06-29","","editor"
"oape:5841","oape:6239","oape:657","البوسفور","Al-Būsfūr","1878-05-15","","editor"
"oape:6505","oape:5349","oape:3129","التاريخ","Al-Tārīkh","1928-08-07","","editor"
"oape:4368","oape:5942","oape:656","التجارة","Al-Tijāra","1878-05-15","","editor"
"oape:5634","oape:5591","oape:1168","التذكار","Al-Tadhkār","1899-10-01","","editor"
"oape:5895","oape:4572","oape:3070","التربية الحديثة","Al-Tarbiyya al-Ḥadītha","1928-01-01","","editor"
"oape:5580","oape:5335","oape:987","التفريح","Al-Tafrīḥ","1896-08-01","","editor"
"Yūsuf Shalfūn","Yūsuf al-Dibs","oape:628","التقدم","Al-Taqaddum","1874-01-01","","editor"
"Yūsuf Shalfūn","oape:4368","oape:628","التقدم","Al-Taqaddum","1874-01-01","","editor"
"Yūsuf al-Dibs","oape:4368","oape:628","التقدم","Al-Taqaddum","1874-01-01","","editor"
"oape:4820","oape:4820","oape:2970","التليفون","Al-Tilīfūn","1927","","editor"
"oape:5417","oape:5717","oape:1208","التمثيل","Al-Tamthīl","1900-02-01","","editor"
"oape:5417","oape:4736","oape:1208","التمثيل","Al-Tamthīl","1900-02-01","","editor"
"oape:5717","oape:4736","oape:1208","التمثيل","Al-Tamthīl","1900-02-01","","editor"
"oape:6407","oape:6176","oape:2642","التمثيل","Al-Tamthīl","1924-03-20","","editor"
"Ḥabīb Isṭifān","Jibrān Massūḥ","oape:2921","التمدن","Al-Tamaddun","1926-08-01","","editor"
"oape:6371","oape:6273","oape:2969","التمدن الاسلامي","Al-Tamaddun al-Islāmī","1927","","editor"
"Muḥammad Fāḍil","oape:5642","oape:1426","التنكيت والتبكيت","Al-Tankīt wa-l-Tabkīt","1905-02-01","","editor"
"oape:6038","oape:6066","oape:857","التونسي","Al-Tūnisī","1892-10-01","","editor"
"oape:4986","Muḥammad Shukrī","oape:2725","التياترو","Al-Tiyātrū","1924-10-05","","editor"
"oape:703","viaf:285129784","oape:466","الثبات","الثبات","NA","","editor"
"oape:703","oape:4139","oape:466","الثبات","الثبات","NA","","editor"
"viaf:285129784","oape:4139","oape:466","الثبات","الثبات","NA","","editor"
"oape:5812","oape:6043","oape:3232","الثروة","Al-Tharwa","1929-12-22","","editor"
"oape:4984","oape:5810","oape:983","الثريا","Al-Thurayyā","1896-06-15","","editor"
"Amīn","oape:5268","oape:1084","الجاسوس","Al-Jāsūs","1898-02-06","","editor"
"oape:5118","oape:6091","oape:769","الجريدة المصرية","Al-Jarīda al-Miṣriyya","1888","","editor"
"oape:6573","oape:5461","oape:2630","الجزيرة","Al-Jazīra","1924-01-31","","editor"
"oape:5082","oape:5710","oape:2009","الجميل","Al-Jamīl","1913-02-02","","editor"
"viaf:79119650","viaf:21245607","oape:608","الجنة","Al-Janna","1870-06-11","","editor"
"oape:5691","oape:4865","oape:1402","الجهاد","Al-Jihād","1904-10-01","","editor"
"oape:5043","oape:6615","oape:2793","الجوهرة","Al-Jawhara","1925-02-01","","editor"
"oape:4553","oape:5035","oape:968","الحدود","Al-Ḥudūd","1896-01-13","","editor"
"oape:6058","oape:4980","oape:2980","الحديث","Al-Ḥadīth","1927-01-01","","editor"
"oape:5837","oape:4457","oape:3050","الحديث","Al-Ḥadīth","1927-11-01","","editor"
"Najīb Naṣṣār","oape:4727","oape:1192","الحديقة","Al-Ḥadīqa","1900","","editor"
"oape:5738","oape:6093","oape:2453","الحديقة","Al-Ḥadīqa","1922-01-03","","editor"
"oape:5738","oape:5107","oape:2453","الحديقة","Al-Ḥadīqa","1922-01-03","","editor"
"oape:6093","oape:5107","oape:2453","الحديقة","Al-Ḥadīqa","1922-01-03","","editor"
"oape:6024","oape:5184","oape:2508","الحركة التجارية","Al-Ḥaraka al-Tijāriyya","1922-12-07","","editor"
"oape:6024","oape:6229","oape:2508","الحركة التجارية","Al-Ḥaraka al-Tijāriyya","1922-12-07","","editor"
"oape:5184","oape:6229","oape:2508","الحركة التجارية","Al-Ḥaraka al-Tijāriyya","1922-12-07","","editor"
"oape:1678","oape:1236","oape:143","الحرية","الحرية","1909-09-25","","editor"
"oape:1678","oape:1113","oape:143","الحرية","الحرية","1909-09-25","","editor"
"oape:1678","viaf:356146152116005212782","oape:143","الحرية","الحرية","1909-09-25","","editor"
"oape:1678","viaf:311789687","oape:143","الحرية","الحرية","1909-09-25","","editor"
"oape:1236","oape:1113","oape:143","الحرية","الحرية","1909-09-25","","editor"
"oape:1236","viaf:356146152116005212782","oape:143","الحرية","الحرية","1909-09-25","","editor"
"oape:1236","viaf:311789687","oape:143","الحرية","الحرية","1909-09-25","","editor"
"oape:1113","viaf:356146152116005212782","oape:143","الحرية","الحرية","1909-09-25","","editor"
"oape:1113","viaf:311789687","oape:143","الحرية","الحرية","1909-09-25","","editor"
"viaf:356146152116005212782","viaf:311789687","oape:143","الحرية","الحرية","1909-09-25","","editor"
"viaf:305411080","oape:6030","oape:1777","الحضارة","Al-Ḥaḍāra","1910-04-14","","editor"
"oape:6683","oape:5236","oape:3018","الحضارة","Al-Ḥaḍāra","1927-06-05","","editor"
"oape:5060","Amīn Taqī al-Dīn","oape:1262","الحظ","Al-Ḥiẓẓ","1901-11-14","","editor"
"oape:6361","oape:5325","oape:1498","الحق الصراح","Al-Ḥaqq al-Ṣarāḥ","1907","","editor"
"oape:5862","oape:5748","oape:2222","الحمارة","Al-Ḥimāra","1919-02-16","","editor"
"oape:5206","oape:5748","oape:1908","الحمارة القاهرة","Al-Ḥimāra al-Qāhira","1911-09-04","","editor"
"oape:6025","oape:5514","oape:995","الحماية","Al-Ḥimāya","1896-10-15","","editor"
"oape:5398","oape:4369","oape:3086","الحياة الادبية","Al-Ḥayāt al-Adabiyya","1928-02-02","","editor"
"oape:6544","oape:4586","oape:2397","الحياة الجديدة","Al-Ḥayāt al-Jadīda","1921-05-01","","editor"
"oape:4837","oape:5322","oape:2823","الحياة الجديدة","Al-Ḥayāt al-Jadīda","1925-04-12","","editor"
"oape:4389","oape:4385","oape:2482","الخليج","Al-Khalīj","1922-07-18","","editor"
"oape:5889","oape:5199","oape:1996","الخليل","Al-Khalīl","1913","","editor"
"oape:5679","oape:6521","oape:1371","الدائرة","Al-Dāʾira","1904-01-01","","editor"
"oape:5549","oape:5610","oape:2431","الدفاع العربي","Al-Difāʿ al-ʿArabī","1921-10-01","","editor"
"Asʿad al-Malakī","oape:5737","oape:1359","الدليل","Al-Dalīl","1904","","editor"
"Niqūlā Sābā","oape:5012","oape:2082","الدليل","Al-Dalīl","1914-03-15","","editor"
"Imīl Zaydān","Shukrī Zaydān","oape:3203","الدنيا المصورة","Al-Dunyā al-Muṣawwara","1929-05-22","","editor"
"oape:4987","oape:5779","oape:3172","الذخائر","Al-Dhakhāʾir","1929-02-01","","editor"
"Shāhīn al-Khāzin","oape:5790","oape:1348","الذمار","Al-Dhimār","1903-11-07","","editor"
"oape:5562","oape:5814","oape:1114","الرائد المصري","Al-Rāʾid al-Miṣrī","1898-08-31","","editor"
"oape:6646","oape:6443","oape:3111","الراي العام المصور","Al-Rāy al-ʿĀmm al-Muṣawwar","1928-05-17","","editor"
"oape:5688","oape:6350","oape:2804","الربيع","Al-Rabīʿ","1925-03-01","","editor"
"oape:5136","oape:6074","oape:1346","الرجاء","Al-Rajāʾ","1903-11-01","","editor"
"Muḥammad al-Sabāʿī","oape:4932","oape:2274","الرسالة","Al-Risāla","1919-12-01","","editor"
"oape:6377","oape:5535","oape:1187","الرسول","Al-Rasūl","1900","","editor"
"oape:6604","oape:5480","oape:3209","الرغائب","Al-Raghāʾib","1929-07-07","","editor"
"oape:5467","oape:5359","oape:969","الرفيق","Al-Rafīq","1896-01-15","","editor"
"oape:5770","oape:6166","oape:2125","الرواية","Al-Riwāya","1915-10-02","","editor"
"oape:4750","oape:6468","oape:2170","الروضة","Al-Rawḍa","1917-11-01","","editor"
"oape:6343","oape:5611","oape:785","الرياض المصرية","Al-Riyāḍ al-Miṣriyya","1888-09-07","","editor"
"oape:4159","viaf:76496271","oape:167","الزمان","الزمان","1892","","editor"
"oape:5357","oape:5447","oape:1071","الزمن","Al-Zaman","1898","","editor"
"oape:4191","oape:4176","oape:169","الزهرة","الزهرة","NA","","editor"
"oape:5413","oape:5117","oape:1650","الساروخ","Al-Sārūkh","1909","","editor"
"oape:5075","oape:6529","oape:3051","الستار","Al-Sitār","1927-11-03","","editor"
"oape:5976","oape:4931","oape:1414","السعيد","Al-Saʿīd","1905","","editor"
"oape:4643","oape:5620","oape:1043","السفير","Al-Safīr","1897-08-31","","editor"
"oape:6260","oape:6639","oape:1779","السيف","Al-Sayf","1910-04-24","","editor"
"oape:5506","oape:5507","oape:1850","السيف","Al-Sayf","1911-01-02","","editor"
"oape:6639","oape:6624","oape:3093","السيف والناس","Al-Sayf wa-l-Nās","1928-02-26","","editor"
"oape:4399","oape:6190","oape:1758","الشاغور","Al-Shāghūr","1910-01-21","","editor"
"oape:963","oape:4180","oape:179","الشام","Al-Shām","1896-07-22","","editor"
"oape:963","viaf:32272677","oape:179","الشام","Al-Shām","1896-07-22","","editor"
"oape:4180","viaf:32272677","oape:179","الشام","Al-Shām","1896-07-22","","editor"
"oape:6110","oape:6509","oape:725","الشام : محاضرات ومقتطفات","Al-Shām: Muḥāḍarāt wa-Muqtaṭafāt","1883-02-12","","editor"
"oape:6110","oape:4857","oape:725","الشام : محاضرات ومقتطفات","Al-Shām: Muḥāḍarāt wa-Muqtaṭafāt","1883-02-12","","editor"
"oape:6509","oape:4857","oape:725","الشام : محاضرات ومقتطفات","Al-Shām: Muḥāḍarāt wa-Muqtaṭafāt","1883-02-12","","editor"
"oape:6283","oape:6304","oape:1874","الشبيبة","Al-Shabība","1911-04-01","","editor"
"Aḥmad Luṭfī al-Sayyid","oape:5054","oape:874","الشرائع","Al-Sharāʾiʿ","1893-03-04","","editor"
"oape:5318","oape:5457","oape:2298","الشرائع","Al-Sharāʾiʿ","1920-01-12","","editor"
"oape:4123","oape:3535","oape:183","الشرق","الشرق","1916","","editor"
"oape:4123","viaf:32272677","oape:183","الشرق","الشرق","1916","","editor"
"oape:3535","viaf:32272677","oape:183","الشرق","الشرق","1916","","editor"
"oape:5338","oape:6201","oape:1188","الشرقية","Al-Sharqiyya","1900","","editor"
"oape:5516","oape:6202","oape:1209","الشرقية","Al-Sharqiyya","1900-02-23","","editor"
"oape:6569","oape:4723","oape:1967","الشركة التلغرافية السورية","Al-Sharika al-Tilighrāfiyya al-Sūriyya","1912-05-14","","editor"
"oape:5183","oape:5343","oape:3020","الشريعة","Al-Sharīʿa","1927-06-25","","editor"
"oape:5244","oape:4852","oape:1716","الشعب","Al-Shaʿb","1909-08-05","","editor"
"oape:6493","oape:6636","oape:2283","الشفاء","Al-Shifāʾ","1920","","editor"
"oape:6493","oape:6444","oape:2283","الشفاء","Al-Shifāʾ","1920","","editor"
"oape:6636","oape:6444","oape:2283","الشفاء","Al-Shifāʾ","1920","","editor"
"oape:4310","oape:1537","oape:186","الشمس","الشمس","1900-06-01","","editor"
"Muḥammad Fahmī","oape:5478","oape:1172","الشهامة","Al-Shahāma","1899-11-10","","editor"
"oape:6314","oape:4610","oape:1121","الشهباء","Al-Shahbāʾ","1898-11-01","","editor"
"oape:6314","oape:6245","oape:1121","الشهباء","Al-Shahbāʾ","1898-11-01","","editor"
"oape:4610","oape:6245","oape:1121","الشهباء","Al-Shahbāʾ","1898-11-01","","editor"
"Abd al-Raḥmān al-Kawākibī","oape:4927","oape:641","الشهبی","Al-Shahbā","1877-05-10","","editor"
"oape:5279","oape:4574","oape:783","الشهرة","Al-Shuhra","1888-08-01","","editor"
"oape:6122","Aḥmad Ṣādiq","oape:1115","الصادق","Al-Ṣādiq","1898-08-31","","editor"
"oape:4815","oape:6482","oape:1961","الصارخ","Al-Ṣārikh","1912-03-21","","editor"
"oape:5202","oape:6023","oape:1150","الصبح","al-Ṣubḥ","1899-03-01","","editor"
"oape:5202","oape:5204","oape:1150","الصبح","al-Ṣubḥ","1899-03-01","","editor"
"oape:6023","oape:5204","oape:1150","الصبح","al-Ṣubḥ","1899-03-01","","editor"
"Iskandar al-Riyāshī","oape:5017","oape:2494","الصحافي التائه","Al-Ṣaḥāfī al-Tāʾih","1922-09-28","","editor"
"oape:5226","oape:5496","oape:2215","الصحة العمومية","Al-Ṣiḥḥa al-ʿUmūmiyya","1919-01-02","","editor"
"Ismāʿīl Ḥaqqī","oape:6693","oape:2987","الصحراء المصورة","Al-Ṣaḥrāʾ al-Muṣawwara","1927-01-14","","editor"
"oape:6457","oape:5575","oape:2333","الصديق","Al-Ṣiddīq","1920-08-12","","editor"
"oape:6395","oape:5568","oape:1367","الصعيد","Al-Ṣaʿīd","1904","","editor"
"oape:6480","oape:6135","oape:1499","الصليب","Al-Ṣalīb","1907","","editor"
"oape:5068","oape:6258","oape:3200","الصنين","Al-Ṣanīn","1929-05-09","","editor"
"oape:6009","oape:5696","oape:1202","الصواب","Al-Ṣawāb","1900-01-01","","editor"
"oape:4816","oape:6482","oape:1960","الضمير","Al-Ḍamīr","1912-03-18","","editor"
"oape:6407","oape:5558","oape:2833","الطائف المصور","Al-Ṭāʾif al-Muṣawwar","1925-06-27","","editor"
"oape:5504","oape:6614","oape:3175","الطريق","Al-Ṭarīq","1929-02-01","","editor"
"oape:706","oape:4140","oape:190","الظاهر","الظاهر","NA","","editor"
"oape:706","viaf:62350636","oape:190","الظاهر","الظاهر","NA","","editor"
"oape:706","viaf:32272677","oape:190","الظاهر","الظاهر","NA","","editor"
"oape:4140","viaf:62350636","oape:190","الظاهر","الظاهر","NA","","editor"
"oape:4140","viaf:32272677","oape:190","الظاهر","الظاهر","NA","","editor"
"viaf:62350636","viaf:32272677","oape:190","الظاهر","الظاهر","NA","","editor"
"oape:6583","oape:6029","oape:2505","العاصمة","Al-ʿĀṣima","1922-11-05","","editor"
"oape:5246","oape:5696","oape:2628","العاصمة","Al-ʿĀṣima","1924-01-06","","editor"
"oape:5014","oape:5139","oape:3072","العاصمة","Al-ʿĀṣima","1928-01-01","","editor"
"oape:5321","oape:5271","oape:3133","العاصمة","Al-ʿĀṣima","1928-09-14","","editor"
"oape:6546","Najīb Gharghūr","oape:927","العام الجديد","Al-ʿĀm al-Jadīd","1895-01-01","","editor"
"viaf:96977760","viaf:27297150","oape:197","العروة الوثقى","العروة الوثقى","1883-05-13","","editor"
"viaf:96977760","viaf:27297150","oape:732","العروة الوثقی","Al-ʿUrwa al-Wuthqā","1884-03-13","","editor"
"oape:6059","oape:4880","oape:1841","العروة الوثقی","Al-ʿUrwa al-Wuthqā","1911","","editor"
"oape:4039","oape:3824","oape:503","العريس","Al-ʿArīs","1911-04-01","","editor"
"oape:5680","oape:4360","oape:1574","العزيز","Al-ʿAzīz","1908-03-20","","editor"
"oape:6099","oape:5021","oape:1266","العفة","Al-ʿIffa","1901-12-17","","editor"
"oape:6060","oape:5548","oape:1895","العفريت","Al-ʿIfrīt","1911-07-01","","editor"
"oape:6569","oape:4723","oape:1941","العلانات","Al-ʿIlānāt","1912-01-16","","editor"
"oape:6346","oape:6573","oape:1316","العلم الصناعي","Al-ʿIlm al-Ṣināʿī","1903-01-01","","editor"
"oape:4749","oape:6219","oape:879","العلم المصري","Al-ʿAlam al-Miṣrī","1893-06-15","","editor"
"oape:4910","oape:5808","oape:979","الغزالة","Al-Ghazāla","1896-06-02","","editor"
"oape:5644","oape:4714","oape:2896","الغول","Al-Ghūl","1926-02-20","","editor"
"viaf:37216757","Fuʾād Ḥantas","oape:1983","الفتی العربي","Al-Fatā al-ʿArabī","1912-09-28","","editor"
"oape:5175","oape:5834","oape:1914","الفجر","Al-Fajr","1911-10-01","","editor"
"oape:5112","oape:4858","oape:853","الفرائد","Al-Farāʾid","1892-06-15","","editor"
"Amīl Zaydān","Shukrī Zaydān","oape:2958","الفكاهة","Al-Fukāha","1926-12-01","","editor"
"oape:4533","oape:4879","oape:3100","الفلكي","Al-Falakī","1928-03-30","","editor"
"oape:5786","oape:5800","oape:2015","الفنون","Al-Funūn","1913-04-01","","editor"
"oape:4535","oape:5135","oape:2699","الفنون الجميلة","Al-Funūn al-Jamīla","1924-08-17","","editor"
"oape:5749","oape:4534","oape:3006","الفنون الجميلة","Al-Funūn al-Jamīla","1927-04-03","","editor"
"oape:4475","viaf:305214691","oape:800","الفوائد","Al-Fawāʾid","1889-03-01","","editor"
"oape:6668","oape:5999","oape:1081","القانون الاساسي","Al-Qānūn al-Asāsī","1898-01-20","","editor"
"oape:4729","oape:6111","oape:1323","القاهرة","Al-Qāhira","1903-03-01","","editor"
"oape:3137","oape:3977","oape:212","القسطاس","القسطاس","1912-02-05","","editor"
"oape:6240","oape:5018","oape:891","القضاء","Al-Qaḍāʾ","1894","","editor"
"oape:6271","oape:6484","oape:2249","القلم","Al-Qalam","1919-07-01","","editor"
"oape:4184","oape:4131","oape:472","الكرمل","Al-Karmil","1908","","editor"
"oape:6028","oape:5752","oape:934","الكنانة","Al-Kināna","1895-04-01","","editor"
"oape:5857","oape:6086","oape:1183","الكنيسة","Al-Kanīsa","1900","","editor"
"oape:6013","oape:5144","oape:2498","الكوردبا","Al-Kūrdubā","1922-10-08","","editor"
"oape:5956","oape:6406","oape:620","الكوكب الشرقي","Al-Kawkab al-Sharqī","1873","","editor"
"oape:5721","oape:6006","oape:667","الكوكب المصري","Al-Kawkab al-Miṣrī","1879-05-15","","editor"
"oape:6152","oape:5693","oape:2908","اللبنان","Al-Lubnān","1926-05-01","","editor"
"oape:872","oape:4157","oape:224","اللواء","اللواء","1900","","editor"
"oape:5030","oape:5713","oape:3196","الليالي","Al-Layālī","1929-05-01","","editor"
"oape:4570","Aḥmad Ṣādiq","oape:1037","المأمون","Al-Maʾmūn","1897-07-15","","editor"
"oape:3707","oape:4199","oape:809","المؤايد","Al-Muʾayyad","1889-12-01","","editor"
"oape:6624","oape:5960","oape:1614","المباحث السياسية المصورة","Al-Mabāḥith al-Siyāsiyya al-Muṣawwara","1908-09-16","","editor"
"Amīn al-Ḥaddād","oape:5000","oape:1834","المبارة","Al-Mubāra","1910-11-25","","editor"
"oape:4170","oape:4171","oape:229","المبشر","المبشر","NA","","editor"
"oape:4609","oape:4515","oape:859","المبشر التونسي","Al-Mubashshir al-Tūnisī","1892-10-28","","editor"
"oape:5842","oape:5844","oape:724","المبصر","Al-Mubaṣṣir","1883-01-28","","editor"
"Yaʿqūb Nawfal","Qusṭanṭīn Nawfal","oape:899","المتحف","Al-Matḥaf","1894-01-01","","editor"
"oape:5294","oape:4695","oape:2417","المجلة التجارية النوبية","Al-Majalla al-Tijāriyya al-Nūbiyya","1921-07-17","","editor"
"oape:4622","oape:6305","oape:1430","المجلة التعليمية","Al-Majalla al-Taʿlīmiyya","1905-04-01","","editor"
"Ḥasan Ḥusnī al-Ṭuwayrānī","oape:5198","oape:914","المجلة الزراعية والعدل","Al-Majalla al-Zirāʿiyya wa'l-ʿAdl","1894-09-01","","editor"
"oape:4761","oape:4723","oape:1782","المجلة الشرقية","Al-Majalla al-Sharqiyya","1910-05-02","","editor"
"oape:4761","oape:5880","oape:1782","المجلة الشرقية","Al-Majalla al-Sharqiyya","1910-05-02","","editor"
"oape:4723","oape:5880","oape:1782","المجلة الشرقية","Al-Majalla al-Sharqiyya","1910-05-02","","editor"
"oape:4782","oape:5741","oape:1240","المجلة الصحية","Al-Majalla al-Ṣiḥḥiyya","1901-01-01","","editor"
"oape:5225","oape:5292","oape:3062","المجلة المصورة","Al-Majalla al-Muṣawwara","1928","","editor"
"oape:5806","oape:5430","oape:2340","المحامة","Al-Muḥāma","1920-10-01","","editor"
"oape:5807","oape:5649","oape:3220","المحامة الشرعية","Al-Muḥāma al-Sharʿiyya","1929-10-01","","editor"
"oape:4149","oape:4127","oclc:1034541808","المحروسة","المحروسة","1880","","editor"
"oape:4149","oape:1673","oclc:1034541808","المحروسة","المحروسة","1880","","editor"
"oape:4149","viaf:67568293","oclc:1034541808","المحروسة","المحروسة","1880","","editor"
"oape:4149","viaf:65382270","oclc:1034541808","المحروسة","المحروسة","1880","","editor"
"oape:4127","oape:1673","oclc:1034541808","المحروسة","المحروسة","1880","","editor"
"oape:4127","viaf:67568293","oclc:1034541808","المحروسة","المحروسة","1880","","editor"
"oape:4127","viaf:65382270","oclc:1034541808","المحروسة","المحروسة","1880","","editor"
"oape:1673","viaf:67568293","oclc:1034541808","المحروسة","المحروسة","1880","","editor"
"oape:1673","viaf:65382270","oclc:1034541808","المحروسة","المحروسة","1880","","editor"
"viaf:67568293","viaf:65382270","oclc:1034541808","المحروسة","المحروسة","1880","","editor"
"oape:4884","oape:6231","oape:1013","المرساض","Al-Mirsāḍ","1897-01-01","","editor"
"oape:5469","Aḥmad Ḥarb","oape:1911","المسامرات السورية","Al-Musāmarāt al-Sūriyya","1911-09-10","","editor"
"oape:5754","oape:6126","oape:2490","المسامرات المهاجر","Al-Musāmarāt al-Muhājir","1922-09-01","","editor"
"oape:6139","oape:6221","oape:682","المستقل","Al-Mustaqill","1880-03-28","","editor"
"oape:6178","oape:5210","oape:1412","المشكات","Al-Mishkāt","1905","","editor"
"oape:6176","oape:5302","oape:2529","المشكات","Al-Mishkāt","1923-01-01","","editor"
"Maḥmūd Zakī","oape:6633","oape:1585","المصباح","Al-Miṣbāḥ","1908-05-10","","editor"
"oape:6387","oape:6355","oape:2238","المصباح","Al-Miṣbāḥ","1919-05-02","","editor"
"oape:4979","oape:6036","oape:1235","المصباح الجديد","Al-Miṣbāḥ al-Jadīd","1900-12-06","","editor"
"Imīl Zaydān","Shukrī Zaydān","oape:2733","المصور","Al-Muṣawwar","1924-10-24","","editor"
"oape:5712","oape:5707","oape:3229","المعرض الاسبوعي","Al-Maʿraḍ al-Usbūʿī","1929-12-01","","editor"
"oape:6516","oape:5944","oape:801","المغرب","Al-Maghrib","1889-05-01","","editor"
"oape:5614","Muḥammad Diyāb","oape:933","المغربي العثماني","Al-Maghribī al-ʿUthmānī","1895-03-25","","editor"
"wiki:Q12230077","viaf:62958224","oclc:243472096","المقطم","Al-Muqaṭṭam","1889-02-14","","editor"
"wiki:Q12230077","viaf:38237868","oclc:243472096","المقطم","Al-Muqaṭṭam","1889-02-14","","editor"
"viaf:62958224","viaf:38237868","oclc:243472096","المقطم","Al-Muqaṭṭam","1889-02-14","","editor"
"Fāris Nimr","viaf:62958224","oape:789","المقطم الاسبوعي","Al-Muqaṭṭam al-Usbūʿī","1889","","editor"
"Fāris Nimr","viaf:38237868","oape:789","المقطم الاسبوعي","Al-Muqaṭṭam al-Usbūʿī","1889","","editor"
"viaf:62958224","viaf:38237868","oape:789","المقطم الاسبوعي","Al-Muqaṭṭam al-Usbūʿī","1889","","editor"
"viaf:62958224","Fāris Nimr","oape:1659","المقطم الاسبوعي","Al-Muqaṭṭam al-Usbūʿī","1909-01-01","","editor"
"viaf:62958224","viaf:38237868","oape:1659","المقطم الاسبوعي","Al-Muqaṭṭam al-Usbūʿī","1909-01-01","","editor"
"Fāris Nimr","viaf:38237868","oape:1659","المقطم الاسبوعي","Al-Muqaṭṭam al-Usbūʿī","1909-01-01","","editor"
"oape:5058","oape:5943","oape:2460","الملحق الروائي المجلة الروايات المصورة","Al-Mulḥaq al-Riwāʾī li-Majallat al-Riwāyāt al-Muṣawwara","1922-03-02","","editor"
"oape:5669","oape:6660","oape:1157","الممتاز","Al-Mumtāz","1899-05-20","","editor"
"Ḥasan Ṣubḥī","oape:6127","oape:931","المنادمة","Al-Munādama","1895-03-16","","editor"
"Ḥasan Ṣubḥī","oape:5450","oape:931","المنادمة","Al-Munādama","1895-03-16","","editor"
"oape:6127","oape:5450","oape:931","المنادمة","Al-Munādama","1895-03-16","","editor"
"oape:6599","oape:5450","oape:960","المنادمة","Al-Munādama","1896","","editor"
"Najīb Gharghūr","oape:5928","oape:771","المنارة","Al-Manāra","1888","","editor"
"oape:6531","oape:5775","oape:2950","المناغش","Al-Manāghish","1926-10-18","","editor"
"oape:5742","oape:6541","oape:3027","المناغش المجنون","Al-Manāghish al-Majnūn","1927-08-01","","editor"
"oape:4698","oape:6510","oape:2080","المنتدی الادبي","Al-Muntadā al-Adabī","1914-02-27","","editor"
"oape:5429","oape:4911","oape:843","المنتظر","Al-Muntaẓar","1892","","editor"
"oape:583","oape:592","oape:481","المنتقد","المنتقد","1908-09-10","","editor"
"oape:3574","viaf:9961809","oape:263","المورد الصافي","Al-Mawrid al-Ṣāfī","1909-11-01","","editor"
"oape:4708","oape:5295","oape:1122","الموسوعات","Al-Mawsūʿāt","1898-11-15","","editor"
"oape:5062","oape:5158","oape:1646","الميزان","Al-Mīzān","1909","","editor"
"oape:5727","A. J.","oape:1005","الميمون","Al-Maymūn","1897","","editor"
"oape:4892","oape:5596","oape:3191","الناظرة","Al-Nāẓira","1929-04-12","","editor"
"oape:6013","oape:5196","oape:2161","النحلة","Al-Naḥla","1917-02-15","","editor"
"oape:5058","oape:5943","oape:2443","النديم الروائي","Al-Nadīm al-Riwāʾī","1922","","editor"
"oape:4638","oape:6337","oape:3185","النزاهة","Al-Nazāha","1929-03-21","","editor"
"oape:5259","oape:5258","oape:1022","النشرة العثمانية","Al-Nashra al-ʿUthmāniyya","1897-05-19","","editor"
"oape:5472","oape:5441","oape:1018","النصر","Al-Naṣr","1897-03-01","","editor"
"oape:6216","oape:5906","oape:1120","النصيب","Al-Naṣīb","1898-10-30","","editor"
"viaf:60135237","oape:4158","oape:272","النصير","النصير","NA","","editor"
"viaf:60135237","oape:4145","oape:272","النصير","النصير","NA","","editor"
"oape:4158","oape:4145","oape:272","النصير","النصير","NA","","editor"
"ʿAbbūd Abī Rāshid","oape:5134","oape:2104","النصير اللبناني","Al-Naṣīr al-Lubnānī","1914-09-23","","editor"
"oape:6182","oape:6194","oape:1760","النفاخة","Al-Naffākha","1910-01-28","","editor"
"oape:5993","oape:4781","oape:610","النفع العزيم لاهل هذا الاقليم","Al-Nafʿ al-ʿAzīm li-Ahl hādhā al-Iqlīm","1871","","editor"
"oape:5555","oape:4569","oape:976","النهج القويم","Al-Nahj al-Qawīm","1896-04-09","","editor"
"oape:4842","Maḥbūb al-Shartūnī","oape:1278","النهضة الادبية","Al-Nahḍa al-Adabiyya","1902-03-01","","editor"
"oape:4838","Dāwud Majāʿiṣ","oape:1394","النور","Al-Nūr","1904-06-15","","editor"
"oape:5797","oape:5142","oape:2830","النور","Al-Nūr","1925-06-01","","editor"
"oape:4349","Muḥammad Unsī","oape:650","النيل","Al-Nīl","1878","","editor"
"oape:5446","Salīm Qabʿīn","oape:1355","النيل","Al-Nīl","1903-12-20","","editor"
"viaf:311789757","oape:6425","oape:1867","الهامش","Al-Hāmish","1911-03-03","","editor"
"oape:5417","oape:6339","oape:1361","الهلوسة","Al-Hallūsa","1904","","editor"
"oape:4702","oape:5673","oape:1217","الهوانيم","Al-Hawānīm","1900-04-15","","editor"
"oape:5350","oape:6227","oape:2922","الوحي","Al-Waḥy","1926-08-01","","editor"
"oape:6217","oape:5959","oape:967","الوظيفة","Al-Waẓīfa","1896-01-08","","editor"
"Yūsuf Murād al-Khūrī","oape:4843","oape:1508","الوفاء","Al-Wafāʾ","1907-01-01","","editor"
"viaf:96964876","oape:4143","oape:281","الوقائع المصرية","Waqāʾiʿ-i Miṣriyye","1828-12-03","","editor"
"viaf:96964876","oape:4120","oape:281","الوقائع المصرية","Waqāʾiʿ-i Miṣriyye","1828-12-03","","editor"
"viaf:96964876","viaf:29512610","oape:281","الوقائع المصرية","Waqāʾiʿ-i Miṣriyye","1828-12-03","","editor"
"viaf:96964876","viaf:27297150","oape:281","الوقائع المصرية","Waqāʾiʿ-i Miṣriyye","1828-12-03","","editor"
"viaf:96964876","oape:4153","oape:281","الوقائع المصرية","Waqāʾiʿ-i Miṣriyye","1828-12-03","","editor"
"viaf:96964876","oape:4104","oape:281","الوقائع المصرية","Waqāʾiʿ-i Miṣriyye","1828-12-03","","editor"
"oape:4143","oape:4120","oape:281","الوقائع المصرية","Waqāʾiʿ-i Miṣriyye","1828-12-03","","editor"
"oape:4143","viaf:29512610","oape:281","الوقائع المصرية","Waqāʾiʿ-i Miṣriyye","1828-12-03","","editor"
"oape:4143","viaf:27297150","oape:281","الوقائع المصرية","Waqāʾiʿ-i Miṣriyye","1828-12-03","","editor"
"oape:4143","oape:4153","oape:281","الوقائع المصرية","Waqāʾiʿ-i Miṣriyye","1828-12-03","","editor"
"oape:4143","oape:4104","oape:281","الوقائع المصرية","Waqāʾiʿ-i Miṣriyye","1828-12-03","","editor"
"oape:4120","viaf:29512610","oape:281","الوقائع المصرية","Waqāʾiʿ-i Miṣriyye","1828-12-03","","editor"
"oape:4120","viaf:27297150","oape:281","الوقائع المصرية","Waqāʾiʿ-i Miṣriyye","1828-12-03","","editor"
"oape:4120","oape:4153","oape:281","الوقائع المصرية","Waqāʾiʿ-i Miṣriyye","1828-12-03","","editor"
"oape:4120","oape:4104","oape:281","الوقائع المصرية","Waqāʾiʿ-i Miṣriyye","1828-12-03","","editor"
"viaf:29512610","viaf:27297150","oape:281","الوقائع المصرية","Waqāʾiʿ-i Miṣriyye","1828-12-03","","editor"
"viaf:29512610","oape:4153","oape:281","الوقائع المصرية","Waqāʾiʿ-i Miṣriyye","1828-12-03","","editor"
"viaf:29512610","oape:4104","oape:281","الوقائع المصرية","Waqāʾiʿ-i Miṣriyye","1828-12-03","","editor"
"viaf:27297150","oape:4153","oape:281","الوقائع المصرية","Waqāʾiʿ-i Miṣriyye","1828-12-03","","editor"
"viaf:27297150","oape:4104","oape:281","الوقائع المصرية","Waqāʾiʿ-i Miṣriyye","1828-12-03","","editor"
"oape:4153","oape:4104","oape:281","الوقائع المصرية","Waqāʾiʿ-i Miṣriyye","1828-12-03","","editor"
"Salīm Taqlā","Bishāra Taqlā","oape:655","الوقت ( لجريدة الاهرام )","Al-Waqt (li-Jarīdat al-Ahrām)","1878-04-01","","editor"
"oape:5885","oape:5773","oape:3095","اليقظة","Al-Yaqẓa","1928-03-01","","editor"
"oape:5034","oape:5162","oape:3002","انطاكية","Anṭākiya","1927-03-19","","editor"
"oape:4540","Labība Hāshim","oape:922","انيس الجليس","Anīs al-Jalīs","1895","","editor"
"oape:5126","oape:5757","oape:1584","باريس","Bārīs","1908-05-08","","editor"
"oape:4871","oape:4770","oape:582","برجيس باريس","Birjīs Bārīs","1859-06-24","","editor"
"oape:4871","oape:6053","oape:582","برجيس باريس","Birjīs Bārīs","1859-06-24","","editor"
"oape:4770","oape:6053","oape:582","برجيس باريس","Birjīs Bārīs","1859-06-24","","editor"
"oape:5357","oape:5434","oape:1158","برهان الحق","Burhān al-Ḥaqq","1899-05-22","","editor"
"oape:6209","oape:6514","oape:2259","بيت لحم","Bayt Laḥm","1919-09-11","","editor"
"oape:5385","oape:5370","oape:653","بيره اليهودية","Pīrah al-Yahūdiyya","1878","","editor"
"oape:5385","oape:4821","oape:653","بيره اليهودية","Pīrah al-Yahūdiyya","1878","","editor"
"oape:5370","oape:4821","oape:653","بيره اليهودية","Pīrah al-Yahūdiyya","1878","","editor"
"viaf:4812503","oape:4173","oape:287","بيروت","بيروت","1886-05-22","","editor"
"viaf:19538764","Khalīl Ghānim","oape:957","تركيا الفتاة","Turkiyā al-Fatāt","1895-12-13","","editor"
"oape:3773","oape:2942","oape:498","تنوير الأفكار","تنوير الأفكار","NA","","editor"
"oape:5110","oape:6678","oape:1486","تونس","Tūnis","1906-10-15","","editor"
"oape:5723","oape:5940","oape:1171","ثمرات الاذهان","Thamarāt al-Adhhān","1899-11-01","","editor"
"oape:5723","oape:4754","oape:1171","ثمرات الاذهان","Thamarāt al-Adhhān","1899-11-01","","editor"
"oape:5940","oape:4754","oape:1171","ثمرات الاذهان","Thamarāt al-Adhhān","1899-11-01","","editor"
"Niqūlā Sābā","oape:5012","oape:2071","جريدة الاعلانات القضائية والتجارية","Jarīdat al-Iʿlānāt al-Qaḍāʾiyya wa-l-Tijāriyya","1914-01-08","","editor"
"oape:4425","oape:6651","oape:1820","جريدة العالمين","Jarīdat al-ʿĀlamayn","1910-10-01","","editor"
"oape:5363","oape:5437","oape:1098","جهينة","Juhayna","1898-04-26","","editor"
"Shaykh ʿAbd Allāh al-Bustānī","oape:5045","oape:662","جهينة الاخبار","Juhaynat al-Akhbār","1879","","editor"
"oape:5240","oape:4909","oape:618","جورنال عمومي لكافة الاعلانات","Jūrnāl ʿUmūmī li-Kāfat al-Iʿlānāt","1872","","editor"
"viaf:41830998","oape:388","oclc:792755425","حديقة الاخبار","Ḥadīqat al-Akhbār","1858-01-01","","editor"
"viaf:41830998","oape:380","oclc:792755425","حديقة الاخبار","Ḥadīqat al-Akhbār","1858-01-01","","editor"
"oape:388","oape:380","oclc:792755425","حديقة الاخبار","Ḥadīqat al-Akhbār","1858-01-01","","editor"
"Najīb Naṣṣār","oape:4727","oape:1135","حديقة المعارف","Ḥadīqat al-Maʿārif","1899","","editor"
"oape:6197","oape:6129","oape:1672","حذام","Ḥidhām","1909-02-02","","editor"
"oape:4376","oape:4997","oape:2214","حرمون","Ḥaramūn","1919-01-01","","editor"
"oape:5569","oape:6463","oape:2595","حضرموت","Ḥaḍramawt","1923-12-06","","editor"
"oape:5607","oape:4831","oape:1694","حط بالخرج","Ḥuṭṭ bi-l-Khurj","1909-04-12","","editor"
"oape:6552","oape:5363","oape:1048","حلوان","Ḥilwān","1897-10-24","","editor"
"oape:6551","oape:5365","oape:1049","حلوان","Ḥulwān","1897-10-24","","editor"
"Tawfīq Jānā","oape:5748","oape:2036","حمارة الجبل","Ḥimārat al-Jabal","1913-08-15","","editor"
"oape:5648","oape:5617","oape:1148","حمارة منيتي","Ḥimārat Munyatī","1899-02-24","","editor"
"oape:4151","oape:4166","oape:311","حمص","حمص","1911-08-26","","editor"
"oape:4740","oape:5830","oape:1832","حيات الضحك","Ḥayāt al-Ḍiḥk","1910-11-06","","editor"
"Ḥāfiẓ ʿAwaḍ","oape:5913","oape:2678","خيال الظل","Khayāl al-Ẓill","1924-06-12","","editor"
"oape:5722","oape:6294","oape:2341","دار المعلمين","Dār al-Muʿallimīn","1920-10-01","","editor"
"Dāwud al-Saʿdī","oape:4472","oape:2412","دجلة","Dajla","1921-06-25","","editor"
"oape:5936","oape:4309","oape:1670","دمشق","Dimashq","1909-02-01","","editor"
"oape:5936","oape:5407","oape:1670","دمشق","Dimashq","1909-02-01","","editor"
"oape:4309","oape:5407","oape:1670","دمشق","Dimashq","1909-02-01","","editor"
"oape:4178","oape:4188","oape:315","دير القمر","Dayr al-Qamar","1912-05-13","","editor"
"Salīm Shaḥāda","oape:5933","oape:740","ديوان الفكاهة","Dīwān al-Fukāha","1885-01-01","","editor"
"oape:4776","oape:6009","oape:647","زمان","Zamān","1878","","editor"
"Ibrāhīm al-Rāʿī","oape:6015","oape:1835","زهلة الفتاة","Zahla al-Fatāt","1910-12-03","","editor"
"oape:5314","oape:4728","oape:1163","سلسلة الروايات","Silsilat al-Riwāyāt","1899-08-15","","editor"
"Salīm Qabʿīn","oape:5278","oape:1653","سلسلة الروايات","Silsilat al-Riwāyāt","1909","","editor"
"oape:5024","oape:6040","oape:2072","سوريا الفتاة","Sūriyā al-Fatāt","1914-01-14","","editor"
"Tawfīq al-Yāzijī","oape:6533","oape:2196","سورية الجديدة","Sūriya al-Jadīda","1918-10-23","","editor"
"oape:5876","al-Amīr Khalīl Shihāb","oape:1615","شمس العدالة","Shams al-ʿAdāla","1908-09-16","","editor"
"Aḥmad Shafīq Bāshā","oape:4762","oape:2812","صحيفة الاعلانات","Ṣaḥīfat al-Iʿlānāt","1925-03-15","","editor"
"Iskandar Fawwāz","oape:4872","oape:1279","صدی الاستعدادية","Ṣadā al-Istiʿdādiyya","1902-03-02","","editor"
"Salīm Taqlā","Bishāra Taqlā","oape:633","صدی الاهرام","Ṣadā al-Ahrām","1876","","editor"
"Bishāra Taqlā","Salīm Taqlā","oape:1136","صدی الاهرام","Ṣadā al-Ahrām","1899","","editor"
"oape:6505","oape:5349","oape:3120","صدی التجدد","Ṣadā al-Tajaddud","1928-07-04","","editor"
"Ḥabīb Fāris","oape:4768","oape:824","صدی الشرق","Ṣadā al-Sharq","1891-04-06","","editor"
"oape:6603","oape:5229","oape:1617","صدی الشهباء","Ṣadā al-Shahbāʾ","1908-10-01","","editor"
"oape:6675","oape:6426","oape:3044","صدی العرب","Ṣadā al-ʿArab","1927-10-13","","editor"
"oape:5383","oape:4634","oape:2575","صدی المسارح","Ṣadā al-Masāriḥ","1923-08-19","","editor"
"viaf:37216757","Fuʾād Ḥantas","oape:1970","صدی المفيد","Ṣadā al-Mufīd","1912-05-30","","editor"
"oape:4814","viaf:8440744","oape:1717","صدی بابل","Ṣadā Bābal","1909-08-13","","editor"
"oape:5783","oape:6102","oape:2462","صدی سوريا","Ṣadā Sūriyā","1922-03-16","","editor"
"oape:5468","oape:6265","oape:2837","صوت الحق","Ṣawt al-Ḥaqq","1925-07-12","","editor"
"oape:6134","oape:6514","oape:2470","صوت الشعب","Ṣawt al-Shaʿb","1922-05-11","","editor"
"oape:5437","oape:6550","oape:1137","صوق العصر","Ṣūq al-ʿAṣr","1899","","editor"
"Jūrj Manassā","oape:6574","oape:3215","عالم السينما","ʿĀlam al-Sīnimā","1929-09-05","","editor"
"oape:4825","oape:5005","oape:3010","علی كيفك","ʿAlā Kīfak","1927-05-08","","editor"
"oape:4878","oape:6062","oape:1074","غادة الفكر","Ghādat al-Fikar","1898","","editor"
"viaf:37216757","Fuʾād Ḥantas","oape:2055","فتی العرب","Fatā al-ʿArab","1913-12-15","","editor"
"oape:6515","oape:6187","oape:1856","فلسطين","Filasṭīn","1911-01-14","","editor"
"oape:6196","oape:5816","oape:808","فواكه الارواح","Fawākih al-Arwāḥ","1889-11-02","","editor"
"oape:5839","oape:5241","oape:947","في الطريق","Fi'l-Ṭarīq","1895-09-25","","editor"
"oape:5252","oape:4626","oape:1887","كرمة النرمة","Karma wa-Narma","1911-05-16","","editor"
"Imīl Zaydān","Shukrī Zaydān","oape:2861","كل شي","Kull Shayy","1925-11-16","","editor"
"oape:5442","oape:6213","oape:2675","كليوباترة","Kiliyūbātra","1924-06-03","","editor"
"oape:5223","Ḥabīb Fāris","oape:825","كنز الزراعة","Kanz al-Zirāʿa","1891-04-15","","editor"
"oape:5772","oape:4972","oape:851","كوكب اميركا","Kawkab Amīrkā","1892-04-15","","editor"
"viaf:12720446","oape:4168","oape:348","لبنان","لبنان","NA","","editor"
"oape:5833","oape:4882","oape:2566","لبنان الشمالي","Lubnān al-Shimālī","1923-06-30","","editor"
"viaf:73737825","oape:819","oape:349","لسان الحال","Lisān al-Ḥāl","1877-10-18","","editor"
"viaf:73737825","oape:4144","oape:349","لسان الحال","Lisān al-Ḥāl","1877-10-18","","editor"
"oape:819","oape:4144","oape:349","لسان الحال","Lisān al-Ḥāl","1877-10-18","","editor"
"oape:4832","oape:4600","oape:1515","لسان المغرب","Lisān al-Maghrib","1907-02-08","","editor"
"oape:5386","oape:5387","oape:1141","مجلة الجمعية الزراعية الخديوية","Majallat al-Jamʿiyya al-Zirāʿiyya al-Khudaywiyya","1899-01-01","","editor"
"oape:5975","Farīd ʿAbd Allāh","oape:1119","مجلة الجمعية الطبية المصرية","Majallat al-Jamʿiyya al-Ṭibbiyya al-Miṣriyya","1898-10-01","","editor"
"oape:6356","oape:5362","oape:2063","مجلة الروايات العصرية","Majallat al-Riwāyāt al-ʿAṣriyya","1914","","editor"
"oape:4513","oape:4703","oape:1935","مجلة الشعب","Majallat al-Shaʿb","1912-01-01","","editor"
"oape:4581","oape:5951","oape:2832","مجلة العالم","Majallat al-ʿĀlam","1925-06-01","","editor"
"oape:5867","oape:5234","oape:1950","مجلة رعمسيس","Majallat Raʿmsīs","1912-02-29","","editor"
"oape:6657","oape:5991","oape:2972","مرستان الافكار","Maristān al-Afkār","1927","","editor"
"oape:4952","oape:6483","oape:1327","مسامرات النديم","Musāmirāt al-Nadīm","1903-04-01","","editor"
"Nūrī","oape:5686","oape:1761","مسخرة","Maskhara","1910-02-01","","editor"
"oape:6124","oape:5032","oape:758","مشرح الاصدار","Mushriḥ al-Aṣdār","1886-09-01","","editor"
"oape:6124","oape:6130","oape:758","مشرح الاصدار","Mushriḥ al-Aṣdār","1886-09-01","","editor"
"oape:5032","oape:6130","oape:758","مشرح الاصدار","Mushriḥ al-Aṣdār","1886-09-01","","editor"
"oape:4368","oape:5942","oape:642","مصر","Miṣr","1877-07-01","","editor"
"oape:4368","oape:6462","oape:706","مصر","Miṣr","1881-10-01","","editor"
"oape:4714","oape:5364","oape:2883","مصر الحرة","Miṣr al-Ḥurra","1926","","editor"
"oape:5890","oape:6479","oape:1312","معين المتعلم","Muʿīn al-Mutaʿallim","1903","","editor"
"oape:4889","oape:4666","oape:1876","مكتبلي","Maktablī","1911-04-08","","editor"
"viaf:62958224","Fāris Nimr","oape:2103","ملحق المقطم المصور","Mulḥaq al-Muqaṭṭam al-Muṣawwar","1914-08-20","","editor"
"viaf:62958224","viaf:38237868","oape:2103","ملحق المقطم المصور","Mulḥaq al-Muqaṭṭam al-Muṣawwar","1914-08-20","","editor"
"Fāris Nimr","viaf:38237868","oape:2103","ملحق المقطم المصور","Mulḥaq al-Muqaṭṭam al-Muṣawwar","1914-08-20","","editor"
"Ibrāhīm al-Muwayliḥī","oape:5606","oape:609","نزهة الافكار","Nuzhat al-Afkār","1870-08-12","","editor"
"Salīm Taqlā","Bishāra Taqlā","oape:638","نشرة التلغراف","Nashrat al-Tilighrāf","1877","","editor"
"oape:4548","oape:5352","oape:1197","نور الاسلام","Nūr al-Islām","1900","","editor"
"Muḥammad Masʿūd","Ḥāfiẓ ʿAwaḍ","oape:1517","ها ها ها","Hā Hā Hā","1907-03-08","","editor"
"oape:5965","oape:4620","oape:2844","وفاء العرب","Wafāʾ al-ʿArab","1925-08-31","","editor"
"oape:4154","oape:4107","oape:500","الهداية","الهداية","NA","","editor"
